EventId,Name,Address,Date/Time
253424,"Sunnyvale Fall Market","S Murphy Ave & Washington Ave, Sunnyvale, CA","2026‑10‑24 09:00"
342281,"San Jose Autumn Market","S 1st St & E San Salvador St, San Jose, CA","2026‑09‑26 09:00"
345215,"Campbell Valentine Market","E Campbell Ave & Central Ave, Campbell, CA","2027‑02‑12 09:00"
346345,"Los Gatos Winter Market","Main St & Santa Cruz Ave, Los Gatos, CA","2026‑12‑05 09:00"
547145,"Cupertino Bloom Market","Stevens Creek Blvd & De Anza Blvd, Cupertino, CA","2027‑04‑10 09:00"
648435,"Los Gatos Mother’s Day Market","Main St & Santa Cruz Ave, Los Gatos, CA","2027‑05‑08 09:00"
665311,"Sunnyvale Spring Market","S Murphy Ave & Washington Ave, Sunnyvale, CA","2027‑03‑06 09:00"
786573,"Cupertino Thanksgiving Market","Stevens Creek Blvd & De Anza Blvd, Cupertino, CA","	2026‑11‑07 09:00"
853567,"San Jose New Year Market","S 1st St & E San Salvador St, San Jose, CA","2027‑01‑15 09:00"
983454,"Mountain View Summer Market","W Evelyn Ave & Hope St, Mountain View, CA","2027‑06‑12 09:00"
994275,"Campbell Harvest Fair","E Campbell Ave & Central Ave, Campbell, CA","2026‑10‑10 09:00"
