ReviewID,Date/Time,Content
5001,"2026‑01‑12 10:15","Great produce and friendly staff."
5002,"2026‑02‑03 11:00","Tasty food and quick service."
5003,"2026‑02‑20 09:45","Loved the handmade candles!"
5004,"2026‑03‑10 12:30","Fresh fruits every week."
5005,"2026‑03‑25 10:00","Bread was soft and delicious."
5006,"2026‑04‑12 09:20","Beautiful soap packaging."
5007,"	2026‑04‑28 10:10","Great vegan options!"
5008,"2026‑05‑15 11:45","Excellent grilled veggies."
5009,"2026‑06‑02 09:30","Very fresh and organic produce."
5010,"2026‑06‑20 10:50","Loved the pastries."
5011,"	2026‑07‑07 09:40","Great handmade products."
