Name,SupplierEmail
"Bayview Organics",bayvieworganics@gmail.com
"Coastal Roots Supply",evergreengrowers@gmail.com
"Evergreen Growers",coastalroots@gmail.com
"Fresh Harvest Co.",freshharvest@gmail.com
"Golden Fields Wholesale",goldenfields@gmail.com
"Green Valley Produce",greenvalley@gmail.com
"Mountain Peak Farms",mountainpeak@gmail.com
"Pure Earth Distributors",pureearth@gmail.com
"Riverbend Produce",riverbendproduce@gmail.com
"Sunny Orchard Supplies",sunnyorchard@gmail.com
"Valley Roots Supply",valleyroots@gmail.com
