Email,Password,"First Name","Last Name",Address
albus@gmail.com,Fish@123,Albus,Dumbledore,"412 Willow St, San Jose, CA"
harry@gmail.com,Lion2026!,Harry,Potter,"88 Market St, San Jose, CA"
herm@gmail.com,Bird#45,"Hermnoe ",Granger,"199 S 10th St, San Jose, CA"
jacob.crumley@sjsu.edu,Deer892!,"Jake ","Crumley ","1250 Park Ave, San Jose, CA"
joshua.oliveira@sjsu.edu,Zebra$22,"Joshua ","Oliveira ","142 E San Fernando St, San Jose, CA"
minerva@gmail.com,Hippo35,Minerva,"McGonagall ","53 Lincoln Ave, San Jose, CA"
ron@gmail.com,Squid#77,Ron,Weasley,"75 Meridian Ave, San Jose, CA"
severus@gmail.com,Wolf@88,Severus,Snape,"24 Berryessa Rd, San Jose, CA"
sirius@gmail.com,Oxen$33,Sirius,Black,"	91 Bascom Ave, San Jose, CA"
tom@gmail.com,Bear@99,Tom,Riddle,"	123 S 4th St, San Jose, CA"
wendy.ta@sjsu.edu,Monkey55,Wendy,Ta,"32 Almaden Blvd, San Jose, CA"
