UserEmail,Name
"	downtowndelights@gmail.com","Downtown Delights"
"	evergreenhandmade@gmail.com","Evergreen Handmade Goods"
"	goldenharvestgrill@gmail.com","Golden Harvest Grill"
bayviewvegan@gmail.com,"Bayview Vegan Kitchen"
campbellcrafts@gmail.com,"Campbell Craft Creations"
gardenorganics@gmail.com,"Garden Creek Organics"
murphyorganics@gmail.com,"Murphy Avenue Organics"
orchardlane@gmail.com,"Orchard Lane Bakery"
sjstreeteats@gmail.com,"San Jose Street Eats"
sunnyvalefresh@gmail.com,"Sunnyvale Fresh Foods"
willowgrove@gmail.com,"Willow Grove Produce"
