CustomerEmail,ReviewId,VendorEmail
albus@gmail.com,5001," downtowndelights@gmail.com"
harry@gmail.com,5011,gardenorganics@gmail.com
herm@gmail.com,5002,sunnyvalefresh@gmail.com
jacob.crumley@sjsu.edu,5003,campbellcrafts@gmail.com
joshua.oliveira@sjsu.edu,5004,sjstreeteats@gmail.com
minerva@gmail.com,5005,willowgrove@gmail.com
ron@gmail.com,5006,orchardlane@gmail.com
severus@gmail.com,5007,evergreenhandmade@gmail.com
sirius@gmail.com,5008,bayviewvegan@gmail.com
tom@gmail.com,5009,goldenharvestgrill@gmail.com
wendy.ta@sjsu.edu,5010,murphyorganics@gmail.com
